id,username,email,password,refresh_token,createdAt,updatedAt
1,user1,userTrial1@gmail.com,81326812647,81326812647,08/06/2023 19:54,08/06/2023 19:54
2,user2,userTrial2@gmail.com,81326812647,81326812647,08/06/2023 19:54,08/06/2023 19:54
3,user3,userTrial3@gmail.com,81326812647,81326812647,08/06/2023 19:54,08/06/2023 19:54
4,user4,userTrial4@gmail.com,81326812647,81326812647,08/06/2023 19:54,08/06/2023 19:54
5,user5,userTrial5@gmail.com,81326812647,81326812647,08/06/2023 19:54,08/06/2023 19:54
6,user6,userTrial6@gmail.com,81326812647,81326812647,08/06/2023 19:54,08/06/2023 19:54
7,user7,userTrial7@gmail.com,81326812647,81326812647,08/06/2023 19:54,08/06/2023 19:54
8,user8,userTrial8@gmail.com,81326812647,81326812647,08/06/2023 19:54,08/06/2023 19:54
9,user9,userTrial9@gmail.com,81326812647,81326812647,08/06/2023 19:54,08/06/2023 19:54
10,user10,userTrial10@gmail.com,81326812647,81326812647,08/06/2023 19:54,08/06/2023 19:54
11,user11,userTrial11@gmail.com,81326812647,81326812647,08/06/2023 19:54,08/06/2023 19:54
12,user12,userTrial12@gmail.com,81326812647,81326812647,08/06/2023 19:54,08/06/2023 19:54
13,user13,userTrial13@gmail.com,81326812647,81326812647,08/06/2023 19:54,08/06/2023 19:54
14,user14,userTrial14@gmail.com,81326812647,81326812647,08/06/2023 19:54,08/06/2023 19:54
15,user15,userTrial15@gmail.com,81326812647,81326812647,08/06/2023 19:54,08/06/2023 19:54
16,user16,userTrial16@gmail.com,81326812647,81326812647,08/06/2023 19:54,08/06/2023 19:54
17,user17,userTrial17@gmail.com,81326812647,81326812647,08/06/2023 19:54,08/06/2023 19:54
18,user18,userTrial18@gmail.com,81326812647,81326812647,08/06/2023 19:54,08/06/2023 19:54
19,user19,userTrial19@gmail.com,81326812647,81326812647,08/06/2023 19:54,08/06/2023 19:54
20,user20,userTrial20@gmail.com,81326812647,81326812647,08/06/2023 19:54,08/06/2023 19:54
21,user21,userTrial21@gmail.com,81326812647,81326812647,08/06/2023 19:54,08/06/2023 19:54
22,user22,userTrial22@gmail.com,81326812647,81326812647,08/06/2023 19:54,08/06/2023 19:54
23,user23,userTrial23@gmail.com,81326812647,81326812647,08/06/2023 19:54,08/06/2023 19:54
24,user24,userTrial24@gmail.com,81326812647,81326812647,08/06/2023 19:54,08/06/2023 19:54
25,user25,userTrial25@gmail.com,81326812647,81326812647,08/06/2023 19:54,08/06/2023 19:54
26,user26,userTrial26@gmail.com,81326812647,81326812647,08/06/2023 19:54,08/06/2023 19:54
27,user27,userTrial27@gmail.com,81326812647,81326812647,08/06/2023 19:54,08/06/2023 19:54
28,user28,userTrial28@gmail.com,81326812647,81326812647,08/06/2023 19:54,08/06/2023 19:54
29,user29,userTrial29@gmail.com,81326812647,81326812647,08/06/2023 19:54,08/06/2023 19:54
30,user30,userTrial30@gmail.com,81326812647,81326812647,08/06/2023 19:54,08/06/2023 19:54
31,user31,userTrial31@gmail.com,81326812647,81326812647,08/06/2023 19:54,08/06/2023 19:54
32,user32,userTrial32@gmail.com,81326812647,81326812647,08/06/2023 19:54,08/06/2023 19:54
33,user33,userTrial33@gmail.com,81326812647,81326812647,08/06/2023 19:54,08/06/2023 19:54
34,user34,userTrial34@gmail.com,81326812647,81326812647,08/06/2023 19:54,08/06/2023 19:54
35,user35,userTrial35@gmail.com,81326812647,81326812647,08/06/2023 19:54,08/06/2023 19:54
36,user36,userTrial36@gmail.com,81326812647,81326812647,08/06/2023 19:54,08/06/2023 19:54
37,user37,userTrial37@gmail.com,81326812647,81326812647,08/06/2023 19:54,08/06/2023 19:54
38,user38,userTrial38@gmail.com,81326812647,81326812647,08/06/2023 19:54,08/06/2023 19:54
39,user39,userTrial39@gmail.com,81326812647,81326812647,08/06/2023 19:54,08/06/2023 19:54
40,user40,userTrial40@gmail.com,81326812647,81326812647,08/06/2023 19:54,08/06/2023 19:54
41,user41,userTrial41@gmail.com,81326812647,81326812647,08/06/2023 19:54,08/06/2023 19:54
42,user42,userTrial42@gmail.com,81326812647,81326812647,08/06/2023 19:54,08/06/2023 19:54
43,user43,userTrial43@gmail.com,81326812647,81326812647,08/06/2023 19:54,08/06/2023 19:54
44,user44,userTrial44@gmail.com,81326812647,81326812647,08/06/2023 19:54,08/06/2023 19:54
45,user45,userTrial45@gmail.com,81326812647,81326812647,08/06/2023 19:54,08/06/2023 19:54
46,user46,userTrial46@gmail.com,81326812647,81326812647,08/06/2023 19:54,08/06/2023 19:54
47,user47,userTrial47@gmail.com,81326812647,81326812647,08/06/2023 19:54,08/06/2023 19:54
48,user48,userTrial48@gmail.com,81326812647,81326812647,08/06/2023 19:54,08/06/2023 19:54
49,user49,userTrial49@gmail.com,81326812647,81326812647,08/06/2023 19:54,08/06/2023 19:54
50,user50,userTrial50@gmail.com,81326812647,81326812647,08/06/2023 19:54,08/06/2023 19:54
51,user51,userTrial51@gmail.com,81326812647,81326812647,08/06/2023 19:54,08/06/2023 19:54
52,user52,userTrial52@gmail.com,81326812647,81326812647,08/06/2023 19:54,08/06/2023 19:54
53,user53,userTrial53@gmail.com,81326812647,81326812647,08/06/2023 19:54,08/06/2023 19:54
54,user54,userTrial54@gmail.com,81326812647,81326812647,08/06/2023 19:54,08/06/2023 19:54
55,user55,userTrial55@gmail.com,81326812647,81326812647,08/06/2023 19:54,08/06/2023 19:54
56,user56,userTrial56@gmail.com,81326812647,81326812647,08/06/2023 19:54,08/06/2023 19:54
57,user57,userTrial57@gmail.com,81326812647,81326812647,08/06/2023 19:54,08/06/2023 19:54
58,user58,userTrial58@gmail.com,81326812647,81326812647,08/06/2023 19:54,08/06/2023 19:54
59,user59,userTrial59@gmail.com,81326812647,81326812647,08/06/2023 19:54,08/06/2023 19:54
60,user60,userTrial60@gmail.com,81326812647,81326812647,08/06/2023 19:54,08/06/2023 19:54
61,user61,userTrial61@gmail.com,81326812647,81326812647,08/06/2023 19:54,08/06/2023 19:54
62,user62,userTrial62@gmail.com,81326812647,81326812647,08/06/2023 19:54,08/06/2023 19:54
63,user63,userTrial63@gmail.com,81326812647,81326812647,08/06/2023 19:54,08/06/2023 19:54
64,user64,userTrial64@gmail.com,81326812647,81326812647,08/06/2023 19:54,08/06/2023 19:54
65,user65,userTrial65@gmail.com,81326812647,81326812647,08/06/2023 19:54,08/06/2023 19:54
66,user66,userTrial66@gmail.com,81326812647,81326812647,08/06/2023 19:54,08/06/2023 19:54
67,user67,userTrial67@gmail.com,81326812647,81326812647,08/06/2023 19:54,08/06/2023 19:54
68,user68,userTrial68@gmail.com,81326812647,81326812647,08/06/2023 19:54,08/06/2023 19:54
69,user69,userTrial69@gmail.com,81326812647,81326812647,08/06/2023 19:54,08/06/2023 19:54
70,user70,userTrial70@gmail.com,81326812647,81326812647,08/06/2023 19:54,08/06/2023 19:54
71,user71,userTrial71@gmail.com,81326812647,81326812647,08/06/2023 19:54,08/06/2023 19:54
72,user72,userTrial72@gmail.com,81326812647,81326812647,08/06/2023 19:54,08/06/2023 19:54
73,user73,userTrial73@gmail.com,81326812647,81326812647,08/06/2023 19:54,08/06/2023 19:54
74,user74,userTrial74@gmail.com,81326812647,81326812647,08/06/2023 19:54,08/06/2023 19:54
75,user75,userTrial75@gmail.com,81326812647,81326812647,08/06/2023 19:54,08/06/2023 19:54
76,user76,userTrial76@gmail.com,81326812647,81326812647,08/06/2023 19:54,08/06/2023 19:54
77,user77,userTrial77@gmail.com,81326812647,81326812647,08/06/2023 19:54,08/06/2023 19:54
78,user78,userTrial78@gmail.com,81326812647,81326812647,08/06/2023 19:54,08/06/2023 19:54
79,user79,userTrial79@gmail.com,81326812647,81326812647,08/06/2023 19:54,08/06/2023 19:54
80,user80,userTrial80@gmail.com,81326812647,81326812647,08/06/2023 19:54,08/06/2023 19:54
81,user81,userTrial81@gmail.com,81326812647,81326812647,08/06/2023 19:54,08/06/2023 19:54
82,user82,userTrial82@gmail.com,81326812647,81326812647,08/06/2023 19:54,08/06/2023 19:54
83,user83,userTrial83@gmail.com,81326812647,81326812647,08/06/2023 19:54,08/06/2023 19:54
84,user84,userTrial84@gmail.com,81326812647,81326812647,08/06/2023 19:54,08/06/2023 19:54
85,user85,userTrial85@gmail.com,81326812647,81326812647,08/06/2023 19:54,08/06/2023 19:54
86,user86,userTrial86@gmail.com,81326812647,81326812647,08/06/2023 19:54,08/06/2023 19:54
87,user87,userTrial87@gmail.com,81326812647,81326812647,08/06/2023 19:54,08/06/2023 19:54
88,user88,userTrial88@gmail.com,81326812647,81326812647,08/06/2023 19:54,08/06/2023 19:54
89,user89,userTrial89@gmail.com,81326812647,81326812647,08/06/2023 19:54,08/06/2023 19:54
90,user90,userTrial90@gmail.com,81326812647,81326812647,08/06/2023 19:54,08/06/2023 19:54
91,user91,userTrial91@gmail.com,81326812647,81326812647,08/06/2023 19:54,08/06/2023 19:54
92,user92,userTrial92@gmail.com,81326812647,81326812647,08/06/2023 19:54,08/06/2023 19:54
93,user93,userTrial93@gmail.com,81326812647,81326812647,08/06/2023 19:54,08/06/2023 19:54
94,user94,userTrial94@gmail.com,81326812647,81326812647,08/06/2023 19:54,08/06/2023 19:54
95,user95,userTrial95@gmail.com,81326812647,81326812647,08/06/2023 19:54,08/06/2023 19:54
96,user96,userTrial96@gmail.com,81326812647,81326812647,08/06/2023 19:54,08/06/2023 19:54
97,user97,userTrial97@gmail.com,81326812647,81326812647,08/06/2023 19:54,08/06/2023 19:54
98,user98,userTrial98@gmail.com,81326812647,81326812647,08/06/2023 19:54,08/06/2023 19:54
99,user99,userTrial99@gmail.com,81326812647,81326812647,08/06/2023 19:54,08/06/2023 19:54
100,user100,userTrial100@gmail.com,81326812647,81326812647,08/06/2023 19:54,08/06/2023 19:54
101,user101,userTrial101@gmail.com,81326812647,81326812647,08/06/2023 19:54,08/06/2023 19:54
102,user102,userTrial102@gmail.com,81326812647,81326812647,08/06/2023 19:54,08/06/2023 19:54
103,user103,userTrial103@gmail.com,81326812647,81326812647,08/06/2023 19:54,08/06/2023 19:54
104,user104,userTrial104@gmail.com,81326812647,81326812647,08/06/2023 19:54,08/06/2023 19:54
105,user105,userTrial105@gmail.com,81326812647,81326812647,08/06/2023 19:54,08/06/2023 19:54
106,user106,userTrial106@gmail.com,81326812647,81326812647,08/06/2023 19:54,08/06/2023 19:54
107,user107,userTrial107@gmail.com,81326812647,81326812647,08/06/2023 19:54,08/06/2023 19:54
108,user108,userTrial108@gmail.com,81326812647,81326812647,08/06/2023 19:54,08/06/2023 19:54
109,user109,userTrial109@gmail.com,81326812647,81326812647,08/06/2023 19:54,08/06/2023 19:54
110,user110,userTrial110@gmail.com,81326812647,81326812647,08/06/2023 19:54,08/06/2023 19:54
111,user111,userTrial111@gmail.com,81326812647,81326812647,08/06/2023 19:54,08/06/2023 19:54
112,user112,userTrial112@gmail.com,81326812647,81326812647,08/06/2023 19:54,08/06/2023 19:54
113,user113,userTrial113@gmail.com,81326812647,81326812647,08/06/2023 19:54,08/06/2023 19:54
114,user114,userTrial114@gmail.com,81326812647,81326812647,08/06/2023 19:54,08/06/2023 19:54
115,user115,userTrial115@gmail.com,81326812647,81326812647,08/06/2023 19:54,08/06/2023 19:54
116,user116,userTrial116@gmail.com,81326812647,81326812647,08/06/2023 19:54,08/06/2023 19:54
117,user117,userTrial117@gmail.com,81326812647,81326812647,08/06/2023 19:54,08/06/2023 19:54
118,user118,userTrial118@gmail.com,81326812647,81326812647,08/06/2023 19:54,08/06/2023 19:54
119,user119,userTrial119@gmail.com,81326812647,81326812647,08/06/2023 19:54,08/06/2023 19:54
120,user120,userTrial120@gmail.com,81326812647,81326812647,08/06/2023 19:54,08/06/2023 19:54
121,user121,userTrial121@gmail.com,81326812647,81326812647,08/06/2023 19:54,08/06/2023 19:54
122,user122,userTrial122@gmail.com,81326812647,81326812647,08/06/2023 19:54,08/06/2023 19:54
123,user123,userTrial123@gmail.com,81326812647,81326812647,08/06/2023 19:54,08/06/2023 19:54
124,user124,userTrial124@gmail.com,81326812647,81326812647,08/06/2023 19:54,08/06/2023 19:54
125,user125,userTrial125@gmail.com,81326812647,81326812647,08/06/2023 19:54,08/06/2023 19:54
126,user126,userTrial126@gmail.com,81326812647,81326812647,08/06/2023 19:54,08/06/2023 19:54
127,user127,userTrial127@gmail.com,81326812647,81326812647,08/06/2023 19:54,08/06/2023 19:54
128,user128,userTrial128@gmail.com,81326812647,81326812647,08/06/2023 19:54,08/06/2023 19:54
129,user129,userTrial129@gmail.com,81326812647,81326812647,08/06/2023 19:54,08/06/2023 19:54
130,user130,userTrial130@gmail.com,81326812647,81326812647,08/06/2023 19:54,08/06/2023 19:54
131,user131,userTrial131@gmail.com,81326812647,81326812647,08/06/2023 19:54,08/06/2023 19:54
132,user132,userTrial132@gmail.com,81326812647,81326812647,08/06/2023 19:54,08/06/2023 19:54
133,user133,userTrial133@gmail.com,81326812647,81326812647,08/06/2023 19:54,08/06/2023 19:54
134,user134,userTrial134@gmail.com,81326812647,81326812647,08/06/2023 19:54,08/06/2023 19:54
135,user135,userTrial135@gmail.com,81326812647,81326812647,08/06/2023 19:54,08/06/2023 19:54
136,user136,userTrial136@gmail.com,81326812647,81326812647,08/06/2023 19:54,08/06/2023 19:54
137,user137,userTrial137@gmail.com,81326812647,81326812647,08/06/2023 19:54,08/06/2023 19:54
138,user138,userTrial138@gmail.com,81326812647,81326812647,08/06/2023 19:54,08/06/2023 19:54
139,user139,userTrial139@gmail.com,81326812647,81326812647,08/06/2023 19:54,08/06/2023 19:54
140,user140,userTrial140@gmail.com,81326812647,81326812647,08/06/2023 19:54,08/06/2023 19:54
141,user141,userTrial141@gmail.com,81326812647,81326812647,08/06/2023 19:54,08/06/2023 19:54
142,user142,userTrial142@gmail.com,81326812647,81326812647,08/06/2023 19:54,08/06/2023 19:54
143,user143,userTrial143@gmail.com,81326812647,81326812647,08/06/2023 19:54,08/06/2023 19:54
144,user144,userTrial144@gmail.com,81326812647,81326812647,08/06/2023 19:54,08/06/2023 19:54
145,user145,userTrial145@gmail.com,81326812647,81326812647,08/06/2023 19:54,08/06/2023 19:54
146,user146,userTrial146@gmail.com,81326812647,81326812647,08/06/2023 19:54,08/06/2023 19:54
147,user147,userTrial147@gmail.com,81326812647,81326812647,08/06/2023 19:54,08/06/2023 19:54
148,user148,userTrial148@gmail.com,81326812647,81326812647,08/06/2023 19:54,08/06/2023 19:54
149,user149,userTrial149@gmail.com,81326812647,81326812647,08/06/2023 19:54,08/06/2023 19:54
150,user150,userTrial150@gmail.com,81326812647,81326812647,08/06/2023 19:54,08/06/2023 19:54
151,user151,userTrial151@gmail.com,81326812647,81326812647,08/06/2023 19:54,08/06/2023 19:54
152,user152,userTrial152@gmail.com,81326812647,81326812647,08/06/2023 19:54,08/06/2023 19:54
153,user153,userTrial153@gmail.com,81326812647,81326812647,08/06/2023 19:54,08/06/2023 19:54
154,user154,userTrial154@gmail.com,81326812647,81326812647,08/06/2023 19:54,08/06/2023 19:54
155,user155,userTrial155@gmail.com,81326812647,81326812647,08/06/2023 19:54,08/06/2023 19:54
156,user156,userTrial156@gmail.com,81326812647,81326812647,08/06/2023 19:54,08/06/2023 19:54
157,user157,userTrial157@gmail.com,81326812647,81326812647,08/06/2023 19:54,08/06/2023 19:54
158,user158,userTrial158@gmail.com,81326812647,81326812647,08/06/2023 19:54,08/06/2023 19:54
159,user159,userTrial159@gmail.com,81326812647,81326812647,08/06/2023 19:54,08/06/2023 19:54
160,user160,userTrial160@gmail.com,81326812647,81326812647,08/06/2023 19:54,08/06/2023 19:54
161,user161,userTrial161@gmail.com,81326812647,81326812647,08/06/2023 19:54,08/06/2023 19:54
162,user162,userTrial162@gmail.com,81326812647,81326812647,08/06/2023 19:54,08/06/2023 19:54
163,user163,userTrial163@gmail.com,81326812647,81326812647,08/06/2023 19:54,08/06/2023 19:54
164,user164,userTrial164@gmail.com,81326812647,81326812647,08/06/2023 19:54,08/06/2023 19:54
165,user165,userTrial165@gmail.com,81326812647,81326812647,08/06/2023 19:54,08/06/2023 19:54
166,user166,userTrial166@gmail.com,81326812647,81326812647,08/06/2023 19:54,08/06/2023 19:54
167,user167,userTrial167@gmail.com,81326812647,81326812647,08/06/2023 19:54,08/06/2023 19:54
168,user168,userTrial168@gmail.com,81326812647,81326812647,08/06/2023 19:54,08/06/2023 19:54
169,user169,userTrial169@gmail.com,81326812647,81326812647,08/06/2023 19:54,08/06/2023 19:54
170,user170,userTrial170@gmail.com,81326812647,81326812647,08/06/2023 19:54,08/06/2023 19:54
171,user171,userTrial171@gmail.com,81326812647,81326812647,08/06/2023 19:54,08/06/2023 19:54
172,user172,userTrial172@gmail.com,81326812647,81326812647,08/06/2023 19:54,08/06/2023 19:54
173,user173,userTrial173@gmail.com,81326812647,81326812647,08/06/2023 19:54,08/06/2023 19:54
174,user174,userTrial174@gmail.com,81326812647,81326812647,08/06/2023 19:54,08/06/2023 19:54
175,user175,userTrial175@gmail.com,81326812647,81326812647,08/06/2023 19:54,08/06/2023 19:54
176,user176,userTrial176@gmail.com,81326812647,81326812647,08/06/2023 19:54,08/06/2023 19:54
177,user177,userTrial177@gmail.com,81326812647,81326812647,08/06/2023 19:54,08/06/2023 19:54
178,user178,userTrial178@gmail.com,81326812647,81326812647,08/06/2023 19:54,08/06/2023 19:54
179,user179,userTrial179@gmail.com,81326812647,81326812647,08/06/2023 19:54,08/06/2023 19:54
180,user180,userTrial180@gmail.com,81326812647,81326812647,08/06/2023 19:54,08/06/2023 19:54
181,user181,userTrial181@gmail.com,81326812647,81326812647,08/06/2023 19:54,08/06/2023 19:54
182,user182,userTrial182@gmail.com,81326812647,81326812647,08/06/2023 19:54,08/06/2023 19:54
183,user183,userTrial183@gmail.com,81326812647,81326812647,08/06/2023 19:54,08/06/2023 19:54
184,user184,userTrial184@gmail.com,81326812647,81326812647,08/06/2023 19:54,08/06/2023 19:54
185,user185,userTrial185@gmail.com,81326812647,81326812647,08/06/2023 19:54,08/06/2023 19:54
186,user186,userTrial186@gmail.com,81326812647,81326812647,08/06/2023 19:54,08/06/2023 19:54
187,user187,userTrial187@gmail.com,81326812647,81326812647,08/06/2023 19:54,08/06/2023 19:54
188,user188,userTrial188@gmail.com,81326812647,81326812647,08/06/2023 19:54,08/06/2023 19:54
189,user189,userTrial189@gmail.com,81326812647,81326812647,08/06/2023 19:54,08/06/2023 19:54
190,user190,userTrial190@gmail.com,81326812647,81326812647,08/06/2023 19:54,08/06/2023 19:54
191,user191,userTrial191@gmail.com,81326812647,81326812647,08/06/2023 19:54,08/06/2023 19:54
192,user192,userTrial192@gmail.com,81326812647,81326812647,08/06/2023 19:54,08/06/2023 19:54
193,user193,userTrial193@gmail.com,81326812647,81326812647,08/06/2023 19:54,08/06/2023 19:54
194,user194,userTrial194@gmail.com,81326812647,81326812647,08/06/2023 19:54,08/06/2023 19:54
195,user195,userTrial195@gmail.com,81326812647,81326812647,08/06/2023 19:54,08/06/2023 19:54
196,user196,userTrial196@gmail.com,81326812647,81326812647,08/06/2023 19:54,08/06/2023 19:54
197,user197,userTrial197@gmail.com,81326812647,81326812647,08/06/2023 19:54,08/06/2023 19:54
198,user198,userTrial198@gmail.com,81326812647,81326812647,08/06/2023 19:54,08/06/2023 19:54
199,user199,userTrial199@gmail.com,81326812647,81326812647,08/06/2023 19:54,08/06/2023 19:54
200,user200,userTrial200@gmail.com,81326812647,81326812647,08/06/2023 19:54,08/06/2023 19:54
201,user201,userTrial201@gmail.com,81326812647,81326812647,08/06/2023 19:54,08/06/2023 19:54
202,user202,userTrial202@gmail.com,81326812647,81326812647,08/06/2023 19:54,08/06/2023 19:54
203,user203,userTrial203@gmail.com,81326812647,81326812647,08/06/2023 19:54,08/06/2023 19:54
204,user204,userTrial204@gmail.com,81326812647,81326812647,08/06/2023 19:54,08/06/2023 19:54
205,user205,userTrial205@gmail.com,81326812647,81326812647,08/06/2023 19:54,08/06/2023 19:54
206,user206,userTrial206@gmail.com,81326812647,81326812647,08/06/2023 19:54,08/06/2023 19:54
207,user207,userTrial207@gmail.com,81326812647,81326812647,08/06/2023 19:54,08/06/2023 19:54
208,user208,userTrial208@gmail.com,81326812647,81326812647,08/06/2023 19:54,08/06/2023 19:54
209,user209,userTrial209@gmail.com,81326812647,81326812647,08/06/2023 19:54,08/06/2023 19:54
210,user210,userTrial210@gmail.com,81326812647,81326812647,08/06/2023 19:54,08/06/2023 19:54
211,user211,userTrial211@gmail.com,81326812647,81326812647,08/06/2023 19:54,08/06/2023 19:54
212,user212,userTrial212@gmail.com,81326812647,81326812647,08/06/2023 19:54,08/06/2023 19:54
213,user213,userTrial213@gmail.com,81326812647,81326812647,08/06/2023 19:54,08/06/2023 19:54
214,user214,userTrial214@gmail.com,81326812647,81326812647,08/06/2023 19:54,08/06/2023 19:54
215,user215,userTrial215@gmail.com,81326812647,81326812647,08/06/2023 19:54,08/06/2023 19:54
216,user216,userTrial216@gmail.com,81326812647,81326812647,08/06/2023 19:54,08/06/2023 19:54
217,user217,userTrial217@gmail.com,81326812647,81326812647,08/06/2023 19:54,08/06/2023 19:54
218,user218,userTrial218@gmail.com,81326812647,81326812647,08/06/2023 19:54,08/06/2023 19:54
219,user219,userTrial219@gmail.com,81326812647,81326812647,08/06/2023 19:54,08/06/2023 19:54
220,user220,userTrial220@gmail.com,81326812647,81326812647,08/06/2023 19:54,08/06/2023 19:54
221,user221,userTrial221@gmail.com,81326812647,81326812647,08/06/2023 19:54,08/06/2023 19:54
222,user222,userTrial222@gmail.com,81326812647,81326812647,08/06/2023 19:54,08/06/2023 19:54
223,user223,userTrial223@gmail.com,81326812647,81326812647,08/06/2023 19:54,08/06/2023 19:54
224,user224,userTrial224@gmail.com,81326812647,81326812647,08/06/2023 19:54,08/06/2023 19:54
225,user225,userTrial225@gmail.com,81326812647,81326812647,08/06/2023 19:54,08/06/2023 19:54
226,user226,userTrial226@gmail.com,81326812647,81326812647,08/06/2023 19:54,08/06/2023 19:54
227,user227,userTrial227@gmail.com,81326812647,81326812647,08/06/2023 19:54,08/06/2023 19:54
228,user228,userTrial228@gmail.com,81326812647,81326812647,08/06/2023 19:54,08/06/2023 19:54
229,user229,userTrial229@gmail.com,81326812647,81326812647,08/06/2023 19:54,08/06/2023 19:54
230,user230,userTrial230@gmail.com,81326812647,81326812647,08/06/2023 19:54,08/06/2023 19:54
231,user231,userTrial231@gmail.com,81326812647,81326812647,08/06/2023 19:54,08/06/2023 19:54
232,user232,userTrial232@gmail.com,81326812647,81326812647,08/06/2023 19:54,08/06/2023 19:54
233,user233,userTrial233@gmail.com,81326812647,81326812647,08/06/2023 19:54,08/06/2023 19:54
234,user234,userTrial234@gmail.com,81326812647,81326812647,08/06/2023 19:54,08/06/2023 19:54
235,user235,userTrial235@gmail.com,81326812647,81326812647,08/06/2023 19:54,08/06/2023 19:54
236,user236,userTrial236@gmail.com,81326812647,81326812647,08/06/2023 19:54,08/06/2023 19:54
237,user237,userTrial237@gmail.com,81326812647,81326812647,08/06/2023 19:54,08/06/2023 19:54
238,user238,userTrial238@gmail.com,81326812647,81326812647,08/06/2023 19:54,08/06/2023 19:54
239,user239,userTrial239@gmail.com,81326812647,81326812647,08/06/2023 19:54,08/06/2023 19:54
240,user240,userTrial240@gmail.com,81326812647,81326812647,08/06/2023 19:54,08/06/2023 19:54
241,user241,userTrial241@gmail.com,81326812647,81326812647,08/06/2023 19:54,08/06/2023 19:54
242,user242,userTrial242@gmail.com,81326812647,81326812647,08/06/2023 19:54,08/06/2023 19:54
243,user243,userTrial243@gmail.com,81326812647,81326812647,08/06/2023 19:54,08/06/2023 19:54
244,user244,userTrial244@gmail.com,81326812647,81326812647,08/06/2023 19:54,08/06/2023 19:54
245,user245,userTrial245@gmail.com,81326812647,81326812647,08/06/2023 19:54,08/06/2023 19:54
246,user246,userTrial246@gmail.com,81326812647,81326812647,08/06/2023 19:54,08/06/2023 19:54
247,user247,userTrial247@gmail.com,81326812647,81326812647,08/06/2023 19:54,08/06/2023 19:54
248,user248,userTrial248@gmail.com,81326812647,81326812647,08/06/2023 19:54,08/06/2023 19:54
249,user249,userTrial249@gmail.com,81326812647,81326812647,08/06/2023 19:54,08/06/2023 19:54
250,user250,userTrial250@gmail.com,81326812647,81326812647,08/06/2023 19:54,08/06/2023 19:54
251,user251,userTrial251@gmail.com,81326812647,81326812647,08/06/2023 19:54,08/06/2023 19:54
252,user252,userTrial252@gmail.com,81326812647,81326812647,08/06/2023 19:54,08/06/2023 19:54
253,user253,userTrial253@gmail.com,81326812647,81326812647,08/06/2023 19:54,08/06/2023 19:54
254,user254,userTrial254@gmail.com,81326812647,81326812647,08/06/2023 19:54,08/06/2023 19:54
255,user255,userTrial255@gmail.com,81326812647,81326812647,08/06/2023 19:54,08/06/2023 19:54
256,user256,userTrial256@gmail.com,81326812647,81326812647,08/06/2023 19:54,08/06/2023 19:54
257,user257,userTrial257@gmail.com,81326812647,81326812647,08/06/2023 19:54,08/06/2023 19:54
258,user258,userTrial258@gmail.com,81326812647,81326812647,08/06/2023 19:54,08/06/2023 19:54
259,user259,userTrial259@gmail.com,81326812647,81326812647,08/06/2023 19:54,08/06/2023 19:54
260,user260,userTrial260@gmail.com,81326812647,81326812647,08/06/2023 19:54,08/06/2023 19:54
261,user261,userTrial261@gmail.com,81326812647,81326812647,08/06/2023 19:54,08/06/2023 19:54
262,user262,userTrial262@gmail.com,81326812647,81326812647,08/06/2023 19:54,08/06/2023 19:54
263,user263,userTrial263@gmail.com,81326812647,81326812647,08/06/2023 19:54,08/06/2023 19:54
264,user264,userTrial264@gmail.com,81326812647,81326812647,08/06/2023 19:54,08/06/2023 19:54
265,user265,userTrial265@gmail.com,81326812647,81326812647,08/06/2023 19:54,08/06/2023 19:54
266,user266,userTrial266@gmail.com,81326812647,81326812647,08/06/2023 19:54,08/06/2023 19:54
267,user267,userTrial267@gmail.com,81326812647,81326812647,08/06/2023 19:54,08/06/2023 19:54
268,user268,userTrial268@gmail.com,81326812647,81326812647,08/06/2023 19:54,08/06/2023 19:54
269,user269,userTrial269@gmail.com,81326812647,81326812647,08/06/2023 19:54,08/06/2023 19:54
270,user270,userTrial270@gmail.com,81326812647,81326812647,08/06/2023 19:54,08/06/2023 19:54
271,user271,userTrial271@gmail.com,81326812647,81326812647,08/06/2023 19:54,08/06/2023 19:54
272,user272,userTrial272@gmail.com,81326812647,81326812647,08/06/2023 19:54,08/06/2023 19:54
273,user273,userTrial273@gmail.com,81326812647,81326812647,08/06/2023 19:54,08/06/2023 19:54
274,user274,userTrial274@gmail.com,81326812647,81326812647,08/06/2023 19:54,08/06/2023 19:54
275,user275,userTrial275@gmail.com,81326812647,81326812647,08/06/2023 19:54,08/06/2023 19:54
276,user276,userTrial276@gmail.com,81326812647,81326812647,08/06/2023 19:54,08/06/2023 19:54
277,user277,userTrial277@gmail.com,81326812647,81326812647,08/06/2023 19:54,08/06/2023 19:54
278,user278,userTrial278@gmail.com,81326812647,81326812647,08/06/2023 19:54,08/06/2023 19:54
279,user279,userTrial279@gmail.com,81326812647,81326812647,08/06/2023 19:54,08/06/2023 19:54
280,user280,userTrial280@gmail.com,81326812647,81326812647,08/06/2023 19:54,08/06/2023 19:54
281,user281,userTrial281@gmail.com,81326812647,81326812647,08/06/2023 19:54,08/06/2023 19:54
282,user282,userTrial282@gmail.com,81326812647,81326812647,08/06/2023 19:54,08/06/2023 19:54
283,user283,userTrial283@gmail.com,81326812647,81326812647,08/06/2023 19:54,08/06/2023 19:54
284,user284,userTrial284@gmail.com,81326812647,81326812647,08/06/2023 19:54,08/06/2023 19:54
285,user285,userTrial285@gmail.com,81326812647,81326812647,08/06/2023 19:54,08/06/2023 19:54
286,user286,userTrial286@gmail.com,81326812647,81326812647,08/06/2023 19:54,08/06/2023 19:54
287,user287,userTrial287@gmail.com,81326812647,81326812647,08/06/2023 19:54,08/06/2023 19:54
288,user288,userTrial288@gmail.com,81326812647,81326812647,08/06/2023 19:54,08/06/2023 19:54
289,user289,userTrial289@gmail.com,81326812647,81326812647,08/06/2023 19:54,08/06/2023 19:54
290,user290,userTrial290@gmail.com,81326812647,81326812647,08/06/2023 19:54,08/06/2023 19:54
291,user291,userTrial291@gmail.com,81326812647,81326812647,08/06/2023 19:54,08/06/2023 19:54
292,user292,userTrial292@gmail.com,81326812647,81326812647,08/06/2023 19:54,08/06/2023 19:54
293,user293,userTrial293@gmail.com,81326812647,81326812647,08/06/2023 19:54,08/06/2023 19:54
294,user294,userTrial294@gmail.com,81326812647,81326812647,08/06/2023 19:54,08/06/2023 19:54
295,user295,userTrial295@gmail.com,81326812647,81326812647,08/06/2023 19:54,08/06/2023 19:54
296,user296,userTrial296@gmail.com,81326812647,81326812647,08/06/2023 19:54,08/06/2023 19:54
297,user297,userTrial297@gmail.com,81326812647,81326812647,08/06/2023 19:54,08/06/2023 19:54
298,user298,userTrial298@gmail.com,81326812647,81326812647,08/06/2023 19:54,08/06/2023 19:54
299,user299,userTrial299@gmail.com,81326812647,81326812647,08/06/2023 19:54,08/06/2023 19:54
300,user300,userTrial300@gmail.com,81326812647,81326812647,08/06/2023 19:54,08/06/2023 19:54
